University,Category,Program Name,Degree,Program Rating,Tuition,Location (city),Admission average,Full time status,ENG4U,MHF4U,MCV4U,SCH4U,SPH4U,ICS4U,Supplementary application,Co-op,URL to program website
Algoma University,Computer Science,Computer Science,Bachelor of Computer Science,4.2,6839.18,Sault Ste. Marie,65-69,true,65,65,65,-1,-1,-1,false,true,https://algomau.ca/academics/programs/computer-science/
Brock University,Computer Science,Computer Science ,Bachelor of Science,4.5,8880.40,St. Catherines,75-79,true,0,70,70,-1,-1,RECOMMENDED,false,false,https://brocku.ca/programs/undergraduate/computer-science/
Brock University,Mathematics,Mathematics and Statistics,Bachelor of Science Honours in Mathematics and Statistics,3.9,6641.85,St. Catherines,70-74,true,RECOMMENDED,75,75,-1,-1,-1,false,true,https://brocku.ca/programs/undergraduate/mathematics-and-statistics/
Brock University,Mathematics,Mathematics and Statistics Accelerated,Bachelor of Science Honours in Mathematics and Statistics,6.9,6641.85,St. Catherines,70-74,true,RECOMMENDED,75,75,-1,-1,-1,false,true,https://brocku.ca/programs/undergraduate/mathematics-and-statistics/
Carelton University,Engineering,Biomedical and Electrical Engineering,Bachelor of Engineering,7,11806.57,Ottawa,75-79,false,0,60,0,60,60,-1,false,true,https://admissions.carleton.ca/programs/biomedical-and-electrical-engineering/
Carleton University,Computer Science,Bachelor of Computer Science,Bachelor of Computer Science,7.8,10330.57,Ottawa,85-89,true,-1,0,0,-1,-1,-1,false,true,https://admissions.carleton.ca/programs/computer-science/
Carleton University,Mathematics,Computational and Applied Mathematics and Statistics,Bachelor of Mathematics,6.9,7261.57,Ottawa,75-79,true,RECOMMENDED,60,60,-1,-1,-1,false,true,https://admissions.carleton.ca/programs/computational-and-applied-mathematics-and-statistics/
Carleton University,Computer Science,Network Technology,Bachelor of Information Technology,7.2,9080.57,Ottawa,75-79,true,RECOMMENDED,60,-1,-1,-1,-1,false,true,https://admissions.carleton.ca/programs/network-technology-net/
Carleton University,Mathematics,Statistics,Bachelor of Mathematics,5.5,7261.57,Ottawa,75-79,true,RECOMMENDED,0,0,-1,-1,-1,false,true,https://admissions.carleton.ca/programs/statistics/
Carleton University,Mathematics,Statistics and Economics,Bachelor of Mathematics,8.8,7261.57,Ottawa,80-84,false,RECOMMENDED,60,60,-1,-1,-1,false,true,https://carleton.ca/math/undergrad-programs-admission/
Carleton University,Mathematics,Mathematics - Combined B.Math./M.Sc,Bachelor of Mathematics/Master of Science in Mathematics,9.3,7261.57,Ottawa,75-79,true,RECOMMENDED,0,0,-1,-1,-1,false,true,https://calendar.carleton.ca/undergrad/undergradprograms/mathematicsandstatistics/
Carleton University,Mathematics,Mathematics - General,Bachelor of Mathematics,6.8,7261.57,Ottawa,75-79,true,RECOMMENDED,0,0,-1,-1,-1,false,true,https://admissions.carleton.ca/programs/mathematics/
Carleton University,Mathematics,Mathematics and Economics,Bachelor of Mathematics,7.4,7261.57,Ottawa,75-79,true,RECOMMENDED,0,0,-1,-1,-1,false,true,https://carleton.ca/economics/undergraduate-studies/b-econ-honours/concentrations/concentration-in-mathematics-and-quantitative-economics/
Carleton University,Mathematics,Mathematics and Physics,Bachelor of Science,9.5,7272.57,Ottawa,75-79,true,RECOMMENDED,60,60,-1,-1,-1,false,true,https://admissions.carleton.ca/programs/mathematics//
Carleton University,Engineering,Environmental Science,Bachelor of Science,5.2,7272.57,Ottawa,80-84,true,0,0,0,0,0,-1,false,true,https://admissions.carleton.ca/programs/environmental-science/
Carleton University,Engineering,Mechanical Engineering,Bachelor of Engineering,5.9,11806.57,Ottawa,80-84,true,60,60,60,60,60,-1,false,true,https://admissions.carleton.ca/programs/mechanical-engineering/
Carleton University,Engineering,Nanoscience,Bachelor of Science,7.4,7272.57,Ottawa,80-84,true,RECOMMENDED,60,RECOMMENDED,60,60,1,false,true,https://admissions.carleton.ca/programs/nanoscience/
Carleton University,Engineering,Software Engineering,Bachelor of Engineering,7.4,11806.57,Ottawa,80-84,true,0,60,0,60,60,-1,false,true,https://admissions.carleton.ca/programs/software-engineering-beng/
Carleton University,Engineering,Aerospace Engineering,Bachelor of Engineering,8,11806.57,Ottawa,75-79,false,60,60,60,60,60,-1,false,true,https://admissions.carleton.ca/programs/aerospace-engineering/
Carleton University,Engineering,Civil Engineering,Bachelor of Engineering Science,7.2,11806.57,Ottawa,80-84,true,-1,0,0,0,0,-1,false,true,https://admissions.carleton.ca/programs/civil-engineering/
Carleton University,Engineering,Electrical Engineering,Bachelor of Engineering,7.2,11806.57,Ottawa,80-84,true,-1,0,0,0,0,-1,false,true,https://admissions.carleton.ca/programs/electrical-engineering/
Carleton University,Engineering,Computer Systems Engineering,Bachelor of Engineering,7.2,11806.57,Ottawa,80-84,true,0,0,0,0,0,-1,false,true,https://admissions.carleton.ca/programs/computer-systems-engineering/
Carleton University,Engineering,Engineering Physics,Bachelor of Engineering,8.5,11806.57,Ottawa,80-84,true,0,0,0,0,0,-1,false,true,https://admissions.carleton.ca/programs/engineering-physics/
Carleton University,Engineering,Environmental Engineering,Bachelor of Engineering,7.2,11806.57,Ottawa,85-89,true,0,0,0,0,0,-1,false,true,https://admissions.carleton.ca/programs/environmental-engineering/
Lakehead University,Computer Science,Computer Science (Georgian College Partnership),Degree-Diploma,5.4,7021.67,Thunder Bay,70-74,false,0,0,RECOMMENDED,-1,-1,-1,false,true,https://www.lakeheadgeorgian.ca/programs/computer-science/
Lakehead University,Computer Science,Computer Science,Bachelor of Science,4.9,7021.67,Thunder Bay,70-74,true,0,0,RECOMMENDED,-1,-1,RECOMMENDED,false,true,https://www.lakeheadu.ca/programs/undergraduate-programs/computer-science/node/1110
Lakehead University,Mathematics,Mathematics (Science Program),Bachelor of Science,3.9,7241.64,Thunder Bay,70-74,true,0,0,0,0,0,-1,false,false,https://www.lakeheadu.ca/programs/undergraduate-programs/mathematics/node/3597
Lakehead University,Engineering,Environmental Sustainability,Bachelor of Arts and Science,6.3,7603.96,Thunder Bay,70-74,true,0,-1,-1,-1,-1,-1,false,true,https://www.lakeheadu.ca/programs/undergraduate-programs/environmental-sustainability/node/3358
Lakehead University,Engineering,Mechanical Engineering,Bachelor of Engineering,7.1,9059.02,Thunder Bay,70-74,true,0,60,RECOMMENDED,0,0,-1,false,true,https://www.lakeheadu.ca/programs/departments/mechanical-engineering/programs/ug
Lakehead University,Engineering,Software Engineering,Bachelor of Engineering,7.6,9059.02,Thunder Bay,70-74,true,60,0,RECOMMENDED,0,0,-1,false,true,https://www.lakeheadu.ca/programs/departments/software-engineering/programs/ug
Lakehead University,Engineering,Chemical Engineering,Bachelor of Engineering,7,9059.02,Thunder Bay,70-74,false,60,60,60,60,60,-1,false,true,https://www.lakeheadu.ca/programs/departments/chemical-engineering/programs/ug
Lakehead University,Engineering,Electrical Engineering,Bachelor of Engineering,6,9059.02,Orillia,70-74,true,0,0,0,0,0,-1,false,true,https://www.lakeheadu.ca/programs/departments/electrical-engineering/programs/ug
Laurentian University,Computer Science,Computer Science,Bachelor of Computer Science,3.3,8568.04,Sudbury,70-74,true,0,0,0,-1,-1,RECOMMENDED,false,true,https://laurentian.ca/program/computer-science
Laurentian University,Engineering,Mechanical Engineering,Bachelor of Engineering,6.1,9201.90,Sudbury,75-79,true,0,0,0,0,0,-1,false,true,https://laurentian.ca/program/mechanical-engineering
Laurentian University,Engineering,Mining Engineering,Bachelor of Engineering,7,9201.96,Sudbury,70-74,true,0,0,0,0,0,-1,false,true,https://laurentian.ca/program/mining-engineering
Laurentian University,Engineering,Chemical Engineering,Bachelor of Engineering,7,9201.96,Sudbury,70-74,false,0,0,0,0,0,-1,false,true,https://laurentian.ca/program/chemical-engineering
McMaster University,Computer Science,Computer Science,Bachelor of Applied Science,8,8980.26,Hamilton,90-94,true,0,0,0,-1,0,0,true,true,https://www.eng.mcmaster.ca/cas/programs/degree-options/basc/computer-science
McMaster University,Computer Science,Mathematics and Computer Science,Bachelor of Mathematics and Computer Science,9.3,7025.46,Hamilton,85-89,true,0,0,0,-1,-1,-1,true,true,https://www.math.mcmaster.ca/undergraduate/undergraduate-programs.html
McMaster University,Engineering,Materials Engineering,Bachelor of Engineering,8.1,13428.92,Hamilton,85-89,true,0,0,0,0,0,-1,true,true,https://www.eng.mcmaster.ca/materials/programs/degree-options/beng
McMaster University,Engineering,Mechanical Engineering,Bachelor of Engineering,8.5,13428.92,Hamilton,85-89,true,0,0,0,0,0,-1,true,true,https://www.eng.mcmaster.ca/mech/programs/degree-options/beng-3
McMaster University,Engineering,Mechatronics Engineering,Bachelor of Engineering,8.4,13428.92,Hamilton,85-89,true,0,0,0,0,0,-1,false,true,https://www.eng.mcmaster.ca/cas/programs/degree-options/beng/mechatronics
McMaster University,Engineering,Software Engineering,Bachelor of Engineering,8.8,13428.92,Hamilton,85-89,true,0,0,0,0,0,-1,true,true,https://www.eng.mcmaster.ca/cas/programs/degree-options/beng/software-engineering
McMaster University,Engineering,Technology,Bachelor of Technology,8.4,8955.96,Hamilton,85-89,false,0,0,0,0,0,-1,false,true,https://future.mcmaster.ca/programs/bachelor-of-technology/
McMaster University,Engineering,Computer Engineering,Bachelor of Engineering,8.5,13428.92,Hamilton,85-89,true,0,0,0,0,0,-1,true,true,https://www.eng.mcmaster.ca/ece/programs/degree-options/beng/computer-engineering
McMaster University,Engineering,Electrical Engineering,Bachelor of Engineering,7.5,13428.92,Hamilton,85-89,true,0,0,0,0,0,-1,true,true,https://www.eng.mcmaster.ca/ece/programs/degree-options/beng/electrical-engineering
McMaster University,Engineering,Electrical Engineering and Biomedical Engineering,Bachelor of Engineering,8.5,13428.92,Hamilton,85-89,true,0,0,0,0,0,-1,true,true,https://www.eng.mcmaster.ca/ece/programs/degree-options/bengbme/electrical-engineering-and-biomedical-engineering
McMaster University,Engineering,Engineering Physics,Bachelor of Engineering,8.5,13428.92,Hamilton,85-89,true,0,0,0,0,0,-1,true,true,https://www.eng.mcmaster.ca/engphys/programs/degree-options/beng-1
McMaster University ,Engineering,Automation Engineering Technology,Bachelor of Technology,7.5,8955.96,Hamilton,80-84,false,0,0,0,0,0,-1,true,true,https://www.eng.mcmaster.ca/sept/programs/degree-options/btech/automation-engineering-technology
McMaster University ,Engineering,Chemical Engineering and Bioengineering,Bachelor of Technology,8,13428.92,Hamilton,85-89,false,0,0,0,0,0,-1,true,true,https://www.eng.mcmaster.ca/chemeng/programs/degree-options/bengbiosciences/bioengineering
Nipissing University,Computer Science,Computer Science,Bachelor of Arts,4.5,8740.53,North Bay,70-74,true,0,0,0,-1,-1,-1,false,true,https://www.nipissingu.ca/academics/faculty-arts-and-science/computer-science
Nipissing University,Mathematics,Mathematics,Bachelor of Arts,4.1,7245.81,North Bay,70-74,true,0,0,0,-1,-1,-1,false,false,https://www.nipissingu.ca/academics/faculty-arts-and-science/mathematics
Queen's University,Computer Science,Computer Science,Bachelor of Computing,7.3,7548.61,Kingston,80-84,true,0,0,0,-1,-1,-1,false,false,https://www.cs.queensu.ca/students/undergraduate/computing/
Queen's University,Mathematics,Statistics,Bachelor of Science,8.3,7220.71,Kingston,80-84,false,0,0,0,0,0,-1,false,true,https://www.queensu.ca/mathstat/undergraduate/prospective-undergraduate/stats
Queen's University,Mathematics,Mathematics (Science),Bachelor of Science,7.2,7220.71,Kingston,80-84,false,0,0,0,0,0,-1,false,true,https://www.queensu.ca/mathstat/undergraduate/prospective-undergraduate/math
Queen's University,Engineering,Geological Engineering,Bachelor of Science in Engineering,7.5,13163.47,Kingston,85-89,true,70,0,0,0,0,-1,false,true,https://engineering.queensu.ca/programs/undergraduate/geological-engineering.html
Queen's University,Engineering,Mathematics and Engineering,Bachelor of Science in Engineering,8.5,13163.47,Kingston,85-89,true,70,70,70,70,70,-1,false,true,https://www.queensu.ca/mathstat/mthe
Queen's University,Engineering,Mechanical and Materials Engineering,Bachelor of Science in Engineering,8.3,13163.47,Kingston,85-89,true,70,70,70,70,70,-1,false,true,https://me.queensu.ca/Undergraduate/Prospective-Undergraduate.html
Queen's University,Engineering,Mechatronics and Robotics Engineering,Bachelor of Science in Engineering,8.2,13163.47,Kingston,85-89,true,70,0,0,0,0,-1,false,true,https://engineering.queensu.ca/programs/undergraduate/mre/index.html
Queen's University,Engineering,Mining Engineering,Bachelor of Science in Engineering,7.4,9390.98,Kingston,85-89,true,70,0,0,0,0,-1,false,true,https://mine.queensu.ca/Undergraduate-Studies/undergraduate-program.html
Queen's University,Engineering,Software Design,Bachelor of Computing,8.1,7548.61,Kingston,80-84,false,0,0,0,0,0,-1,false,true,https://www.cs.queensu.ca/applicants/undergraduate/ssp/softwaredesign/
Queen's University,Engineering,Chemical Engineering,Bachelor of Science in Engineering,7,13163.47,Kingston,80-84,false,70,70,70,70,70,-1,false,true,https://chemeng.queensu.ca/undergraduate-studies/chemical-engineering.html
Queen's University,Engineering,Civil Engineering,Bachelor of Science in Engineering,7.5,13163.47,Kingston,85-89,true,0,0,0,0,0,-1,false,true,https://civil.queensu.ca/Undergraduate-Studies/
Queen's University,Engineering,Computer Engineering,Bachelor of Science in Engineering,8,13163.47,Kingston,85-89,true,0,0,0,0,0,-1,false,true,https://engineering.queensu.ca/programs/undergraduate/computer-engineering.html
Queen's University,Engineering,Engineering Chemistry,Bachelor of Science in Engineering,8,13163.47,Kingston,85-89,true,0,0,0,,0,-1,true,true,https://chemeng.queensu.ca/undergraduate-studies/engineering-chemistry.html
Queen's University,Engineering,Engineering Physics,Bachelor of Science in Engineering,8,13163.47,Kingston,85-89,true,0,0,,0,0,-1,false,true,https://www.queensu.ca/physics/undergrad-studies/engineering-physics-program-overview/engineering-physics
Royal Military College of Canada,Computer Science,Computer Science ,Bachelor of Science,6.2,5795.00,Kingston,80-84,true,75,75,75,75,75,-1,false,false,https://www.rmc-cmr.ca/en/registrars-office/mathematics-and-computer-science-undergraduate-programmes
Royal Military College of Canada,Mathematics,Mathematics,Bachelor of Science,5.5,5795.00,Kingston,80-84,true,75,75,75,75,75,-1,false,false,https://www.rmc-cmr.ca/en/registrars-office/mathematics-and-computer-science-undergraduate-programmes
Ryerson University,Computer Science,Business Technology Management,Bachelor of Commerce,6.2,9481.00,Toronto,80-84,true,0,0,-1,-1,-1,-1,false,true,https://www.ryerson.ca/programs/undergraduate/business-technology-management/
Ryerson University,Computer Science,Computer Science,Bachelor of Science,8,9511.34,Toronto,85-89,true,70,70,70,70,70,-1,false,true,https://www.ryerson.ca/programs/undergraduate/computer-science/
Ryerson University,Mathematics,Mathematics and its Applications,Bachelor of Science,6.1,7058.94,Toronto,70-74,true,RECOMMENDED,65,65,65,RECOMMENDED,-1,false,true,https://www.ryerson.ca/programs/undergraduate/mathematics-applications/
Ryerson University,Engineering,Industrial Engineering,Bachelor of Engineering,7.6,11148.94,Toronto,80-84,true,70,70,70,70,70,-1,false,true,https://www.ryerson.ca/programs/undergraduate/industrial-engineering/
Ryerson University,Engineering,Mechanical Engineering,Bachelor of Engineering,7.9,11148.94,Toronto,80-84,true,70,70,70,70,70,-1,false,true,https://www.ryerson.ca/programs/undergraduate/mechanical-engineering/
Ryerson University,Engineering,Aerospace Engineering,Bachelor of Engineering,8.5,11148.94,Toronto,80-84,false,70,70,70,70,70,-1,false,true,https://www.ryerson.ca/programs/undergraduate/aerospace-engineering/
Ryerson University,Engineering,Biomedical Engineering,Bachelor of Engineering,8,11148.94,Toronto,85-89,false,0,70,70,70,70,-1,true,true,https://www.ryerson.ca/programs/undergraduate/biomedical-engineering/
Ryerson University,Engineering,Chemical engineering,Bachelor of Engineering,7.5,11148.94,Toronto,80-84,false,0,70,70,70,70,-1,true,true,https://www.ryerson.ca/programs/undergraduate/chemical-engineering-co-op/
Ryerson University,Engineering,Civil Engineering,Bachelor of Engineering,8,11148.94,Toronto,80-84,false,0,70,70,70,70,-1,true,true,https://www.ryerson.ca/programs/undergraduate/civil-engineering/
Ryerson University,Engineering,Computer engineering,Bachelor of Engineering,8.5,11148.94,Toronto,85-89,true,0,0,0,0,0,-1,false,true,https://www.ryerson.ca/programs/undergraduate/computer-engineering/
Trent University,Computer Science,Computer Science/Computing Systems,Bachelor of Arts,5,7724.50,Peterborough,70-74,false,60,-1,-1,-1,-1,-1,false,true,https://www.trentu.ca/futurestudents/degree/computing-systems?target=undergraduate
Trent University,Engineering,Chemical Engineering,Bachelor of Science and Engineeriing,7,7724.50,Peterborough,70-74,false,60,60,60,60,60,-1,false,true,https://www.trentu.ca/futurestudents/degree/chemical-engineering?target=undergraduate
University of Guelph,Computer Science,Computer Science,Bachelor of Computing,7.5,9365.88,Guelph,85-89,true,0,0,0,0,0,RECOMMENDED,true,true,https://admission.uoguelph.ca/bcomp/csci
University of Guelph,Engineering,Mechanical Engineering,Bachelor of Science in Engineering,7.6,12271.26,Guelph,84-89,true,0,0,0,0,0,-1,false,true,https://admission.uoguelph.ca/beng/me
University of Guelph,Engineering,Nanoscience,Bachelor of Science,7.6,6946.28,Guelph,80-84,true,0,0,0,0,0,-1,false,true,https://admission.uoguelph.ca/bsc/nano
University of Guelph,Engineering,Software Engineering,Bachelor of Computing,7.9,9365.88,Guelph,85-89,true,0,0,0,-1,-1,-1,false,true,https://admission.uoguelph.ca/bcomp/se
University of Guelph,Engineering,Biological Engineering,Bachelor of Science in Engineering,7,10229.10,Guelph,85-89,false,0,0,0,0,0,-1,false,true,https://admission.uoguelph.ca/beng/bioe
University of Guelph,Engineering,Biomedical Engineering,Bachelor of Science in Engineering,8,12271.26,Guelph,85-89,false,0,0,0,0,0,-1,true,true,https://admission.uoguelph.ca/beng/biomed
University of Guelph,Engineering,Computer Engineering,Bachelor of Science in Engineering,7,12271.26,Guelph,85-89,true,0,0,0,0,0,-1,false,true,https://admission.uoguelph.ca/beng/compeng
University of Guelph,Engineering,Engineering Systems and Computing,Bachelor of Engineering,8.3,10229.10,Guelph,85-89,true,0,0,0,0,0,-1,false,true,https://admission.uoguelph.ca/beng/esc
University of Guelph,Engineering,Environmental Engineering,Bachelor of Engineering,8.3,10229.10,Guelph,85-89,true,0,0,0,0,0,-1,false,true,https://admission.uoguelph.ca/beng/enve
University of Ontario Institute of Technology,Computer Science,Computer Science and Management,Bachelor of Science and Management,7.3,7860.00,Oshawa,85-89,true,0,70,70,-1,RECOMMENDED,RECOMMENDED,false,true,https://ontariotechu.ca/programs/science/computer-science-regular-and-co-op.php
University of Ontario Institute of Technology,Mathematics,Applied and Industrial Mathematics,Bachelor of Science,6.5,7502.90,Oshawa,70-74,true,0,70,70,70,70,-1,false,true,https://ontariotechu.ca/programs/science/applied-and-industrial-mathematics-regular-and-co-op.php
University of Ontario Institute of Technology,Engineering,Manufacturing Engineering,Bachelor of Engineering,6.8,11146.32,Oshawa,70-74,true,60,70,70,70,70,-1,false,true,https://ontariotechu.ca/programs/engineering-and-applied-science/manufacturing-engineering-manufacturing-engineering-and-management.php
University of Ontario Institute of Technology,Engineering,Mechanical Engineering,Bachelor of Engineering,7.4,11146.32,Oshawa,80-84,true,60,70,70,70,70,-1,false,true,https://ontariotechu.ca/programs/engineering-and-applied-science/mechanical-engineering-mechanical-engineering-and-management.php
University of Ontario Institute of Technology,Engineering,Mechatronics Engineering,Bachelor of Engineering,7.8,11146.32,Oshawa,80-84,true,60,70,70,70,70,-1,false,true,https://ontariotechu.ca/programs/engineering-and-applied-science/mechatronics-engineering.php
University of Ontario Institute of Technology,Engineering,Nuclear Engineering,Bachelor of Engineering,8,11146.32,Oshawa,70-74,true,60,70,70,70,70,-1,false,true,https://ontariotechu.ca/programs/energy-systems-and-nuclear-science/nuclear-engineering.php
University of Ontario Institute of Technology,Engineering,Software Engineering,Bachelor of Engineering,8,11146.32,Oshawa,75-79,true,60,70,70,70,70,-1,false,true,https://ontariotechu.ca/programs/engineering-and-applied-science/software-engineering-software-engineering-and-management.php
University of Ontario Institute of Technology,Engineering,Automation Engineering Technology,Bachelor of Technology,7,11146.32,Oshawa,75-79,false,60,70,70,70,70,-1,false,true,https://ontariotechu.ca/programs/undergraduate/engineering/automotive-engineering/ 
University of Ontario Institute of Technology,Engineering,Electrical Engineering,Bachelor of Engineering,8.5,11146.32,Oshawa,85-89,true,0,0,0,0,0,-1,true,true,https://ontariotechu.ca/programs/undergraduate/engineering/electrical-engineering/
University of Ottawa,Computer Science,Computer Science,Bachelor of Science in Computer Science,8.9,9337.36,Ottawa,90-94,true,0,70,70,-1,-1,-1,true,true,https://catalogue.uottawa.ca/en/undergrad/honours-bsc-computer-science/
University of Ottawa,Mathematics,Statistics,Bachelor of Science,7.5,7188.80,Ottawa,80-84,true,0,0,0,-1,-1,-1,false,true,https://catalogue.uottawa.ca/en/undergrad/major-statistics/
University of Ottawa,Mathematics,Mathematics,Bachelor of Science,6.5,7188.80,Ottawa,80-84,true,0,70,70,-1,-1,-1,false,true,https://catalogue.uottawa.ca/en/undergrad/major-mathematics/
University of Ottawa,Mathematics,Mathematics and Economics,Bachelor of Science,7.8,7169.54,Ottawa,80-84,true,0,70,70,-1,-1,-1,false,true,https://catalogue.uottawa.ca/en/undergrad/joint-honours-bsc-mathematics-economics/
University of Ottawa,Engineering,Mechanical Engineering,Bachelor of Applied Science,7.6,10552.84,Ottawa,80-84,true,0,70,70,70,70,-1,false,true,https://catalogue.uottawa.ca/en/undergrad/basc-mechanical-engineering/
University of Ottawa,Engineering,Software Engineering,Bachelor of Applied Science in Software Engineering,7.5,10552.84,Ottawa,85-90,true,70,70,70,-1,0,-1,false,true,https://catalogue.uottawa.ca/en/undergrad/basc-software-engineering/
University of Ottawa,Engineering,Biomedical Mechanical Engineering and Computing Technology,Bachelor of Applied Science and Bachelor of Science,8,10552.84,Ottawa,85-89,false,70,70,70,70,70,-1,false,true,https://catalogue.uottawa.ca/en/undergrad/basc-biomedical-mechanical-engineering-bsc-computing-technology/
University of Ottawa,Engineering,Biomedical Mechanical Engineering,Bachelor of Applied Science in Biomedical Mechanical Engineering,8.5,10552.84,Ottawa,85-89,false,70,70,70,70,70,-1,false,true,https://catalogue.uottawa.ca/en/undergrad/basc-biomedical-mechanical-engineering/
University of Ottawa,Engineering,BSc in Physics and BASc in Electrical Engineering,Bachelor of Science and Applied Science,8,9600.92,Ottawa,80-84,false,70,70,70,70,70,-1,false,true,https://catalogue.uottawa.ca/en/undergrad/honours-bsc-physicsbasc-electrical-engineering/
University of Ottawa,Engineering,Civil Engineering,Bachelor of Applied Science in Electrical Engineering,8,10552.84,Ottawa,80-84,false,70,70,70,70,70,-1,false,true,https://catalogue.uottawa.ca/en/undergrad/basc-civil-engineering/
University of Ottawa,Engineering,Computer Engineering,Bachelor of Applied Science in Electrical Engineering,6.7,10552.84,Ottawa,80-84,true,0,0,0,0,0,-1,false,true,https://catalogue.uottawa.ca/en/undergrad/basc-computer-engineering/
University of Toronto - St. George Campus,Computer Science,Computer Science,Bachelor of Science,9.9,6100.00,Toronto,90-94,true,0,-1,0,-1,-1,-1,true,true,https://artsci.calendar.utoronto.ca/section/Computer-Science
University of Toronto - St. George Campus,Mathematics,Applied Mathematics,Bachelor of Science,9.8,6100.00,Toronto,85-89,false,0,0,0,-1,RECOMMENDED,-1,true,false,https://artsci.calendar.utoronto.ca/section/Mathematics
University of Toronto - St. George Campus,Mathematics,Statistical Science,Bachelor of Science,9,6100.00,Toronto,80-84,false,0,0,0,-1,-1,-1,true,false,https://artsci.calendar.utoronto.ca/section/Statistical-Sciences
University of Toronto - St. George Campus,Mathematics,Statistics,Bachelor of Science,8.9,6100.00,Toronto,85-89,false,0,0,0,-1,-1,-1,true,false,https://artsci.calendar.utoronto.ca/section/Statistical-Sciences
University of Toronto - St. George Campus,Mathematics,Mathematics,Bachelor of Science,8.5,6100.00,Toronto,80-84,false,0,0,0,-1,-1,-1,true,false,https://artsci.calendar.utoronto.ca/section/Mathematics
University of Toronto - St. George Campus,Mathematics,Mathematics and Philosophy,Bachelor of Science,9.6,6100.00,Toronto,80-84,false,0,0,0,-1,-1,-1,true,false,https://artsci.calendar.utoronto.ca/section/Mathematics
University of Toronto - St. George Campus,Engineering,Industrial Engineering,Bachelor of Applied Science,8.6,14180.00,Toronto,90-94,false,70,70,70,70,70,-1,false,true,https://discover.engineering.utoronto.ca/programs/engineering-programs/industrial-engineering/
University of Toronto - St. George Campus,Engineering,Machine Intelligence,Bachelor of Applied Science,9,14180.00,Toronto,90-94,false,70,70,70,70,70,-1,true,true,https://engsci.utoronto.ca/program/majors/machine-intelligence/
University of Toronto - St. George Campus,Engineering,Materials Engineering,Bachelor of Applied Science,8.4,14180.00,Toronto,85-89,false,70,70,70,70,70,-1,true,true,https://discover.engineering.utoronto.ca/programs/engineering-programs/materials-engineering/
University of Toronto - St. George Campus,Engineering,Mechanical Engineering,Bachelor of Applied Science,8.6,14180.00,Toronto,85-89,false,70,70,70,70,70,-1,true,true,https://discover.engineering.utoronto.ca/programs/engineering-programs/mechanical-engineering/
University of Toronto - St. George Campus,Engineering,Mineral Engineering,Bachelor of Applied Science,8.1,14180.00,Toronto,85-89,false,70,70,70,70,70,-1,true,false,https://discover.engineering.utoronto.ca/programs/engineering-programs/mineral-engineering/
University of Toronto - St. George Campus,Engineering,Robotics Engineering,Bachelor of Applied Science,8.7,14180.00,Toronto,90-94,true,70,70,70,70,70,-1,true,true,https://engsci.utoronto.ca/program/majors/robotics-engineering/
University of Toronto - St. George Campus,Engineering,Aerospace Engineering,Bachelor of Applied Science ,9,14180.00,Toronto,90-94,true,70,70,70,70,70,-1,true,true,https://engsci.utoronto.ca/program/majors/aerospace/
University of Toronto - St. George Campus,Engineering,Chemical Engineering,Bachelor of Applied Science ,8.5,14180.00,Toronto,90-94,true,70,70,70,70,70,-1,true,true,https://discover.engineering.utoronto.ca/programs/engineering-programs/chemical-engineering/
University of Toronto - St. George Campus,Engineering,Energy Systems Engineering,Bachelor of Engineering,9.5,14180.00,Toronto,90-94,false,0,0,0,0,0,-1,true,true,https://engsci.utoronto.ca/program/majors/energy-systems-engineering/
University of Toronto - St. George Campus,Engineering,Engineering Physics,Bachelor of Science ,9.5,14180.00,Toronto,90-94,true,0,0,0,0,0,-1,true,true,https://engsci.utoronto.ca/program/majors/engineering-physics/
University of Toronto - St. George Campus,Engineering,Engineering Science,Bachelor of Applied Science,9.5,14180.00,Toronto,90-94,false,0,0,0,0,0,-1,true,true,https://discover.engineering.utoronto.ca/programs/engineering-programs/engineering-science/
University of Toronto - St. George Campus,Engineering,Computer and electrical engineering,Bachelor of Applied Science,9.5,14180.00,Toronto,90-94,false,0,0,0,0,0,-1,true,true,https://engsci.utoronto.ca/program/majors/electrical-computer-engineering/
University of Toronto - St. George Campus,Engineering,Computer Engineering,Bachelor of Applied Science,9.5,14180.00,Toronto,90-94,false,0,0,0,0,0,-1,true,true,https://www.ece.utoronto.ca/prospective-students/what-is-ece/e/
University of Toronto at Mississauga,Computer Science,Computer Science,Bachelor of Science,7.4,6100.00,Mississauga,85-89,false,0,0,0,0,0,0,false,false,https://utm.calendar.utoronto.ca/section/Computer-Science
University of Toronto at Mississauga,Mathematics,Applied Statistics,Bachelor of Science,8.9,6100.00,Missisauga,85-89,true,0,0,0,-1,-1,-1,true,false,https://utm.calendar.utoronto.ca/section/Statistics
University of Toronto at Mississauga,Mathematics,Mathematics,Bachelor of Science,6.9,6100.00,Missisauga,80-84,false,0,0,0,-1,-1,-1,true,false,https://utm.calendar.utoronto.ca/section/Mathematical-Sciences
University of Toronto at Scarborough,Computer Science,Computer Science,Bachelor of Science,8.5,6100.00,Scarborough,90-94,true,0,0,0,0,RECOMMENDED,-1,false,true,https://www.utsc.utoronto.ca/admissions/programs/computer-science
University of Toronto at Scarborough,Mathematics,Applied Statistics,Bachelor of Science,8.5,6100.00,Scarborough,80-84,true,0,0,0,-1,-1,-1,false,false,https://www.utsc.utoronto.ca/admissions/programs/applied-statistics
University of Toronto at Scarborough,Mathematics,Statistics,Bachelor of Science,8.1,6100.00,Scarborough,90-94,false,0,0,0,-1,-1,-1,true,false,https://www.utsc.utoronto.ca/admissions/programs/statistics
University of Toronto at Scarborough,Mathematics,Statistics: Machine Learning & Data Mining Stream,Bachelor of Science,9.3,6100.00,Scarborough,90-94,false,0,0,0,-1,-1,-1,true,false,https://www.utsc.utoronto.ca/admissions/programs/statistics-%E2%80%94-machine-learning-data-mining-stream
University of Toronto at Scarborough,Mathematics,Statistics: Quantitative Finance Stream,Bachelor of Science,8.3,6100.00,Scarborough,90-94,false,0,0,0,-1,-1,-1,true,false,https://utsc.calendar.utoronto.ca/specialist-program-statistics-science
University of Toronto at Scarborough,Mathematics,Statistics: Statistical Sciences Stream,Bachelor of Science,7.3,6100.00,Scarborough,90-94,false,0,0,0,-1,-1,-1,true,false,https://utsc.calendar.utoronto.ca/specialist-program-statistics-science
University of Toronto at Scarborough,Mathematics,Mathematics,Bachelor of Science,9.1,6100.00,Scarborough,90-94,false,0,0,0,-1,-1,-1,true,false,https://www.utsc.utoronto.ca/admissions/programs/mathematics
University of Waterloo,Computer Science,Computational Mathematics,Bachelor of Mathematics,8.8,9300.00,Waterloo,90-94,true,0,0,0,-1,-1,-1,true,true,https://uwaterloo.ca/future-students/programs/computational-mathematics
University of Waterloo,Computer Science,Computer Science,Bachelor of Mathematics,10,15900.00,Waterloo,95-100,true,0,0,0,-1,-1,-1,true,true,https://uwaterloo.ca/future-students/programs/computer-science
University of Waterloo,Mathematics,Applied Mathematics,Bachelor of Mathematics,9.1,9300.00,Waterloo,90-94,true,0,0,0,-1,-1,RECOMMENDED,true,true,https://uwaterloo.ca/future-students/programs/applied-mathematics
University of Waterloo,Mathematics,Biostatistics,Bachelor of Mathematics,9.9,9300.00,Waterloo,90-94,true,0,0,0,-1,-1,RECOMMENDED,true,true,https://uwaterloo.ca/future-students/programs/biostatistics
University of Waterloo,Mathematics,Combinatorics and Optimization,Bachelor of Mathematics,8.3,9300.00,Waterloo,90-94,true,0,0,0,-1,-1,RECOMMENDED,true,true,https://uwaterloo.ca/future-students/programs/combinatorics-and-optimization
University of Waterloo,Mathematics,Computational Mathematics,Bachelor of Mathematics,9.7,9300.00,Waterloo,90-94,true,0,0,0,-1,-1,RECOMMENDED,true,true,https://uwaterloo.ca/future-students/programs/computational-mathematics
University of Waterloo,Mathematics,Mathematics/Financial Analysis and Risk Management,Bachelor of Mathematics,10,12700.00,Waterloo,85-89,true,0,0,0,-1,-1,-1,true,true,https://uwaterloo.ca/future-students/programs/financial-analysis-and-risk-management
University of Waterloo,Mathematics,Pure Mathematics,Bachelor of Mathematics,9.1,9300.00,Waterloo,90-94,true,0,0,0,-1,-1,RECOMMENDED,true,true,https://uwaterloo.ca/pure-mathematics/
University of Waterloo,Mathematics,Statistics,Bachelor of Mathematics,8.7,9300.00,Waterloo,85-89,false,0,0,0,-1,-1,-1,true,true,https://uwaterloo.ca/future-students/programs/statistics
University of Waterloo,Engineering,Geological Engineering,Bachelor of Applied Science,8.4,17100.00,Waterloo,80-94,true,70,70,70,70,70,-1,true,true,https://uwaterloo.ca/future-students/programs/geological-engineering
University of Waterloo,Engineering,Management Engineering,Bachelor of Applied Science,8.2,17100.00,Waterloo,85-89,true,70,70,70,70,70,-1,true,true,https://uwaterloo.ca/future-students/programs/management-engineering
University of Waterloo,Engineering,Materials and Nanosciences,Bachelor of Science,9,7700.00,Waterloo,80-84,true,70,70,70,0,0,-1,true,true,https://uwaterloo.ca/future-students/programs/materials-and-nanosciences
University of Waterloo,Engineering,Mechanical Engineering,Bachelor of Applied Science,9.2,17100.00,Waterloo,90-94,true,70,70,70,70,70,-1,true,true,https://uwaterloo.ca/future-students/programs/mechanical-engineering
University of Waterloo,Engineering,Mechatronics Engineering,Bachelor of Applied Science,8.9,17100.00,Waterloo,90-94,true,70,70,70,70,70,-1,true,true,https://uwaterloo.ca/future-students/programs/mechatronics-engineering
University of Waterloo,Engineering,Nanotechnology Engineering,Bachelor of Applied Science,8.9,17100.00,Waterloo,90-94,true,70,70,70,70,70,-1,true,true,https://uwaterloo.ca/future-students/programs/nanotechnology-engineering
University of Waterloo,Engineering,Software Engineering,Bachelor of Applied Science,9.4,17100.00,Waterloo,90-94,true,70,70,70,70,70,RECOMMENDEDED,true,true,https://uwaterloo.ca/future-students/programs/software-engineering
University of Waterloo,Engineering,Systems Design Engineering,Bachelor of Applied Science,8.7,17100.00,Waterloo,90-94,true,70,70,70,70,70,-1,true,true,https://uwaterloo.ca/future-students/programs/systems-design-engineering
University of Waterloo,Engineering,Architectural Engineering,Bachelor of Applied Science ,9,17100.00,Waterloo,85-89,false,70,70,70,70,70,-1,true,true,https://uwaterloo.ca/future-students/programs/architectural-engineering
University of Waterloo,Engineering,Civil Engineerinng,Bachelor of Engineering ,9,17100.00,Waterloo,90-94,true,0,0,0,0,0,-1,true,true,https://uwaterloo.ca/future-students/programs/civil-engineering
University of Waterloo,Engineering,Environmental Engineering,Bachelor of Engineering,9,17100.00,Waterloo,90-94,true,0,0,0,0,0,-1,true,true,https://uwaterloo.ca/future-students/programs/environmental-engineering
University of Windsor,Computer Science,Combined Mathematics and Computer Science,Bachelor of Mathematics,4.4,8468.22,Windsor,70-74,true,0,0,0,-1,-1,-1,false,false,https://future.uwindsor.ca/mathematics-statistics
University of Windsor,Computer Science,Computer Science - Applied Computing,Bachelor of Science,4.6,8468.22,Windsor,70-74,true,0,70,RECOMMENDED,-1,-1,-1,false,true,https://future.uwindsor.ca/computer-science
University of Windsor,Computer Science,Computer Science - Computer Information Systems,Bachelor of Science,5.6,11540.62,Windsor,70-74,true,0,70,RECOMMENDED,-1,-1,-1,false,true,https://www.uwindsor.ca/science/361/bsc-honours-computer-information-systems-and-co-op
University of Windsor,Mathematics,Combined Mathematics and Statistics,Bachelor of Mathematics,3.2,8468.22,Windsor,70-74,true,0,70,70,-1,-1,-1,false,false,https://future.uwindsor.ca/mathematics-statistics
University of Windsor,Engineering,General Engineering,Bachelor of Applied Science,7.1,12064.00,Windsor,75-89,true,0,74,-1,74,74,-1,false,true,https://future.uwindsor.ca/general-engineering
University of Windsor,Engineering,Industrial Engineering,Bachelor of Applied Science,6.9,12064.00,Windsor,75-79,true,0,74,74,74,74,-1,false,true,https://future.uwindsor.ca/industrial-engineering
University of Windsor,Engineering,Mechanical Engineering,Bachelor of Applied Science,7.3,12064.00,Windsor,75-79,true,0,74,RECOMMENDED,74,74,-1,false,true,https://future.uwindsor.ca/mechanical-engineering
University of Windsor,Engineering,Civil Engineering,Bachelor of Applied Science,6.3,12064.00,Windsor,70-75,true,0,0,0,0,0,-1,false,true,https://future.uwindsor.ca/civil-engineering
University of Windsor,Engineering,Environmental Engineering,Bachelor of Applied Sciences,6.3,12064.00,Windsor,75-79,true,0,0,0,0,0,-1,false,true,https://future.uwindsor.ca/environmental-engineering
University of Windsor,Engineering,Electrical Engineering,Bachelor of Applied Sciences,6.3,12064.00,Windsor,75-79,true,0,0,0,0,0,-1,false,true,https://future.uwindsor.ca/electrical-engineering
University Waterloo,Engineering,Computer Engineering,Bachelor of Applied Science,9,17100.00,Waterloo,90-94,true,0,0,0,0,0,-1,true,true,https://uwaterloo.ca/future-students/programs/computer-engineering
Western University,Computer Science,Computer Science,Bachelor of Science,7.2,7653.22,London,80-84,true,0,0,0,-1,-1,-1,false,false,https://www.uwo.ca/sci/undergraduate/future_students/academic_programs/computer_science.html
Western University,Mathematics,Applied Mathematics,Bachelor of Science,8.4,7653.22,London,85-89,true,0,0,0,0,0,0,false,true,https://www.uwo.ca/apmaths/undergraduate/index.html
Western University,Mathematics,Statistics,Bachelor of Science,6.9,7653.22,London,80-84,false,0,0,0,0,0,0,false,true,https://www.uwo.ca/stats/undergraduate/what-is-a-statistician.html
Western University,Engineering,Green Process Engineering,Bachelor of Engineering and Science,7.9,13972.22,London,80-94,true,0,0,0,0,0,-1,false,true,https://www.eng.uwo.ca/undergraduate/programs/green-process.html
Western University,Engineering,Integrated Engineering,Bachelor of Engineering and Science,8.1,13972.22,London,85-89,true,0,0,0,0,0,-1,false,true,https://www.eng.uwo.ca/undergraduate/programs/Integrated.html
Western University,Engineering,Mechanical Engineering,Bachelor of Engineering and Science,8.3,13972.22,London,85-89,true,0,0,0,0,0,-1,false,true,https://www.eng.uwo.ca/undergraduate/programs/mechanical.html
Western University,Engineering,Mechatrontic Systems Engineering,Bachelor of Engineering and Science,8,13972.22,London,85-89,true,0,0,0,0,0,-1,false,true,https://www.eng.uwo.ca/undergraduate/programs/mechatronic.html
Western University,Engineering,Software Engineering,Bachelor of Engineering and Science,8.6,13972.22,London,85-90,true,0,0,0,0,0,-1,true,true,https://www.eng.uwo.ca/undergraduate/programs/software.html
Western University,Engineering,Biochemical and Environmental Engineering,Bachelor of Engineering Science,7,13972.22,London,85-89,false,0,0,0,0,0,-1,false,true,https://www.eng.uwo.ca/undergraduate/programs/chemical.html
Western University,Engineering,Civil and Environmental Engineering,Bachelor of Engineering Science,8.5,13972.22,London,85-89,false,0,0,0,0,0,-1,false,true,https://www.eng.uwo.ca/undergraduate/programs/civil.html
Western University,Engineering,Civil Engineering,Bachelor of Engineering Science,8,13972.22,London,90-94,true,0,0,0,0,0,-1,false,true,https://www.eng.uwo.ca/undergraduate/programs/civil.html
Western University,Engineering,Computer Engineering,Bachelor of Engineering Science,8.7,13972.22,London,90-94,true,0,0,0,0,0,0,false,true,https://www.eng.uwo.ca/undergraduate/programs/computer.html\
Wilfrid Laurier University,Computer Science,Business Technology Management,Bachelor of Business Technology Management,5.5,10729.97,Waterloo,80-84,true,0,0,-1,-1,-1,-1,true,false,https://www.wlu.ca/programs/business-and-economics/undergraduate/business-technology-management-bbtm/index.html
Wilfrid Laurier University,Computer Science,Computer Science (BA),Bachelor of Arts,6.9,8249.45,Waterloo,80-84,true,60,60,-1,-1,-1,-1,true,true,https://www.wlu.ca/programs/science/undergraduate/computer-science-ba/index.html
Wilfrid Laurier University,Mathematics,Mathematics,Bachelor of Arts,6.3,7848.93,Waterloo,85-89,false,60,60,60,-1,-1,-1,true,true,https://www.wlu.ca/programs/science/undergraduate/mathematics-ba/program-details.html
York University,Computer Science,Computer Science,Bachelor of Arts,6.5,9840.42,Toronto,80-84,false,0,75,75,-1,-1,-1,false,true,https://futurestudents.yorku.ca/program/computer-science
York University,Computer Science,Computer Security,Bachelor of Arts,6.7,7311.12,Toronto,80-84,false,0,75,75,-1,-1,-1,false,false,https://futurestudents.yorku.ca/program/computer-security
York University,Mathematics,Applied Mathematics,Bachelor of Arts,6.1,7311.12,Toronto,80-84,false,0,0,RECOMMENDED,-1,-1,-1,false,false,https://futurestudents.yorku.ca/program/applied-mathematics
York University,Mathematics,Statistics,Bachelor of Arts,4.2,7311.12,Toronto,80-84,false,0,0,RECOMMENDED,-1,-1,-1,false,false,https://futurestudents.yorku.ca/program/statistics
York University,Mathematics,Mathematics,International Bachelor of Arts,5.6,7229.82,Toronto,80-84,false,0,0,RECOMMENDED,-1,-1,-1,false,false,https://futurestudents.yorku.ca/program/mathematics/glendon
York University,Engineering,Mechanical Engineering,Bachelor of Engineering,7.9,10795.02,Toronto,80-84,true,70,70,70,70,70,-1,false,true,https://futurestudents.yorku.ca/program/mechanical-engineering
York University,Engineering,Software Engineering,Bachelor of Engineering,8.1,10795.02,Toronto,85-89,true,70,70,70,70,70,-1,false,true,https://futurestudents.yorku.ca/program/software-engineering
York University,Engineering,Space Engineering,Bachelor of Applied Science,8.6,10795.02,Toronto,85-89,false,70,70,70,70,70,-1,false,true,https://futurestudents.yorku.ca/program/space-engineering
York University,Engineering,Civil Engineering,Bachelor in Engineering,6.3,10795.02,Toronto,85-89,true,0,0,0,0,0,-1,false,true,https://futurestudents.yorku.ca/program/civil-engineering
York University,Engineering,Computer Engineering,Bachelor of Engineering,6.5,10795.02,Toronto,85-89,true,0,0,0,0,0,-1,false,true,https://futurestudents.yorku.ca/program/computer-engineering
York University,Engineering,Electrical Engineering,Bachelor in Engineering,6.3,10795.02,Toronto,85-89,true,0,0,0,0,0,-1,false,true,https://futurestudents.yorku.ca/program/electrical-engineering